,ChEMBL ID,Name,Smiles,Molecular Weight,Bioactivities,AlogP,Polar Surface Area,HBA,HBD,QED Weighted,Heavy Atoms,Aromatic Rings,Np Likeness Score
1,CHEMBL1200385,ARBUTAMINE HYDROCHLORIDE,Cl.Oc1ccc(CCCCNC[C@H](O)c2ccc(O)c(O)c2)cc1,353.85,,2.45,92.95,5,5,0.38,23,2,0.46
2,CHEMBL27810,CELIPROLOL,CCN(CC)C(=O)Nc1ccc(OCC(O)CNC(C)(C)C)c(C(C)=O)c1,379.5,94.0,2.89,90.9,5,3,0.57,27,1,-1.22
5,CHEMBL1204187,GEPIRONE HYDROCHLORIDE,CC1(C)CC(=O)N(CCCCN2CCN(c3ncccn3)CC2)C(=O)C1.Cl,395.94,9.0,1.55,69.64,6,0,0.57,26,1,-1.31
7,CHEMBL1200464,PROPARACAINE HYDROCHLORIDE,CCCOc1ccc(C(=O)OCCN(CC)CC)cc1N.Cl,330.86,26.0,2.56,64.79,5,1,0.56,21,1,-0.94
9,CHEMBL2104771,REPROTEROL HYDROCHLORIDE,Cl.Cn1c(=O)c2c(ncn2CCCNCC(O)c2cc(O)cc(O)c2)n(C)c1=O,425.87,,-0.44,134.54,10,4,0.4,28,3,-0.6
12,CHEMBL1524273,PHTHALYLSULFATHIAZOLE,O=C(O)c1ccccc1C(=O)Nc1ccc(S(=O)(=O)Nc2nccs2)cc1,403.44,83.0,2.89,125.46,6,3,0.58,27,3,-1.82
15,CHEMBL1201286,OXYPHENONIUM,CC[N+](C)(CC)CCOC(=O)C(O)(c1ccccc1)C1CCCCC1,348.51,44.0,3.48,46.53,3,1,0.58,25,1,0.09
16,CHEMBL1256901,BUTYLSCOPOLAMINE BROMIDE,CCCC[N+]1(C)[C@@H]2C[C@@H](OC(=O)[C@H](CO)c3ccccc3)C[C@H]1[C@@H]1O[C@@H]12.[Br-],440.38,34.0,2.23,59.06,4,1,0.46,26,1,1.0
17,CHEMBL220491,BRINZOLAMIDE,CCN[C@H]1CN(CCCOC)S(=O)(=O)c2sc(S(N)(=O)=O)cc21,383.52,388.0,0.09,118.8,7,2,0.64,23,1,-0.84
25,CHEMBL475534,NITRENDIPINE,CCOC(=O)C1=C(C)NC(C)=C(C(=O)OC)C1c1cccc([N+](=O)[O-])c1,360.37,1649.0,2.57,107.77,7,1,0.49,26,1,-0.95
30,CHEMBL1231,OXYBUTYNIN,CCN(CC)CC#CCOC(=O)C(O)(c1ccccc1)C1CCCCC1,357.49,940.0,3.34,49.77,4,1,0.6,26,1,-0.42
32,CHEMBL5315121,TECOVIRIMAT MONOHYDRATE,O.O=C(NN1C(=O)[C@@H]2[C@@H]3C=C[C@@H]([C@H]4C[C@@H]34)[C@@H]2C1=O)c1ccc(C(F)(F)F)cc1,394.35,,2.4,66.48,3,1,0.64,27,1,-0.7
37,CHEMBL516,CYPROHEPTADINE,CN1CCC(=C2c3ccccc3C=Cc3ccccc32)CC1,287.41,924.0,4.7,3.24,1,0,0.58,22,2,0.26
41,CHEMBL953,ENTACAPONE,CCN(CC)C(=O)/C(C#N)=C/c1cc(O)c(O)c([N+](=O)[O-])c1,305.29,227.0,1.78,127.7,6,2,0.28,22,1,-0.89
47,CHEMBL41286,DIACEREIN,CC(=O)Oc1cccc2c1C(=O)c1c(OC(C)=O)cc(C(=O)O)cc1C2=O,368.3,178.0,2.01,124.04,7,1,0.55,27,2,0.74
54,CHEMBL55,PENTAMIDINE,N=C(N)c1ccc(OCCCCCOc2ccc(C(=N)N)cc2)cc1,340.43,2250.0,2.88,118.2,4,4,0.3,25,2,-0.14
55,CHEMBL1201251,ARBUTAMINE,Oc1ccc(CCCCNC[C@H](O)c2ccc(O)c(O)c2)cc1,317.39,,2.45,92.95,5,5,0.38,23,2,0.46
56,CHEMBL1200914,TAMSULOSIN HYDROCHLORIDE,CCOc1ccccc1OCCN[C@H](C)Cc1ccc(OC)c(S(N)(=O)=O)c1.Cl,444.98,18.0,2.34,99.88,6,2,0.55,28,2,-1.02
57,CHEMBL1905872,DOCUSATE SODIUM,CCCCC(CC)COC(=O)CC(C(=O)OCC(CC)CCCC)S(=O)(=O)[O-].[Na+],444.57,10.0,4.15,106.97,6,1,0.29,28,0,0.5
58,CHEMBL483254,PANOBINOSTAT,Cc1[nH]c2ccccc2c1CCNCc1ccc(/C=C/C(=O)NO)cc1,349.43,486.0,3.33,77.15,3,4,0.23,26,3,-0.44
59,CHEMBL1214124,PERAMPANEL,N#Cc1ccccc1-c1cc(-c2ccccn2)cn(-c2ccccc2)c1=O,349.39,135.0,4.44,58.68,4,0,0.55,27,4,-1.26
63,CHEMBL3989559,PANTOPRAZOLE SODIUM,COc1ccnc(C[S+]([O-])c2nc3cc(OC(F)F)ccc3[n-]2)c1OC.O.[Na+],423.37,49.0,2.88,92.32,6,1,0.63,26,3,-0.88
65,CHEMBL284092,GEPIRONE,CC1(C)CC(=O)N(CCCCN2CCN(c3ncccn3)CC2)C(=O)C1,359.47,50.0,1.55,69.64,6,0,0.57,26,1,-1.31
69,CHEMBL588,FENOLDOPAM,Oc1ccc(C2CNCCc3c2cc(O)c(O)c3Cl)cc1,305.76,154.0,2.73,72.72,4,4,0.61,21,2,0.95
72,CHEMBL535,SUNITINIB,CCN(CC)CCNC(=O)c1c(C)[nH]c(/C=C2\C(=O)Nc3ccc(F)cc32)c1C,398.48,4038.0,3.33,77.23,3,3,0.63,29,2,-1.21
75,CHEMBL3989551,LINCOMYCIN HYDROCHLORIDE,CCC[C@@H]1C[C@@H](C(=O)N[C@@H]([C@H]2O[C@H](SC)[C@H](O)[C@@H](O)[C@H]2O)[C@@H](C)O)N(C)C1.Cl.O,461.02,,-0.86,122.49,8,5,0.37,27,0,0.64
85,CHEMBL2105748,PRUCALOPRIDE SUCCINATE,COCCCN1CCC(NC(=O)c2cc(Cl)c(N)c3c2OCC3)CC1.O=C(O)CCC(=O)O,485.97,3.0,2.09,76.82,5,2,0.59,25,1,-1.22
86,CHEMBL1888176,TROSPIUM,O=C(O[C@H]1C[C@H]2CC[C@@H](C1)[N+]21CCCC1)C(O)(c1ccccc1)c1ccccc1,392.52,78.0,3.77,46.53,3,1,0.64,29,2,0.25
90,CHEMBL1200729,CHLORAMPHENICOL SODIUM SUCCINATE,O=C([O-])CCC(=O)OC[C@@H](NC(=O)C(Cl)Cl)[C@H](O)c1ccc([N+](=O)[O-])cc1.[Na+],445.19,24.0,1.32,156.07,7,3,0.22,27,1,-0.02
92,CHEMBL1908919,FLORBETAPIR,CNc1ccc(/C=C/c2ccc(OCCOCCOCCF)nc2)cc1,360.43,5.0,3.68,52.61,5,1,0.59,26,2,-0.94
93,CHEMBL1945778,IOFLUPANE,COC(=O)[C@H]1[C@@H](c2ccc(I)cc2)C[C@@H]2CC[C@H]1N2CCCF,431.29,3.0,3.76,29.54,3,0,0.53,23,1,-0.26
95,CHEMBL2106313,LACHESINE CHLORIDE,CC[N+](C)(C)CCOC(=O)C(O)(c1ccccc1)c1ccccc1.[Cl-],363.88,3.0,2.56,46.53,3,1,0.63,24,2,-0.11
103,CHEMBL3989581,DOPEXAMINE HYDROCHLORIDE,Cl.Cl.Oc1ccc(CCNCCCCCCNCCc2ccccc2)cc1O,429.43,,3.62,64.52,4,4,0.33,26,2,0.23
106,CHEMBL1201348,MENADIOL DIPHOSPHORIC ACID,Cc1cc(OP(=O)(O)O)c2ccccc2c1OP(=O)(O)O,334.16,,2.09,133.52,4,4,0.62,21,2,0.54
111,CHEMBL2106574,DAPOXETINE HYDROCHLORIDE,CN(C)[C@@H](CCOc1cccc2ccccc12)c1ccccc1.Cl,341.88,5.0,4.91,12.47,2,0,0.64,23,3,-0.49
113,CHEMBL2110848,LACHESINE,CC[N+](C)(C)CCOC(=O)C(O)(c1ccccc1)c1ccccc1,328.43,,2.56,46.53,3,1,0.63,24,2,-0.11
115,CHEMBL1742424,CELIPROLOL HYDROCHLORIDE,CCN(CC)C(=O)Nc1ccc(OCC(O)CNC(C)(C)C)c(C(C)=O)c1.Cl,415.96,7.0,2.89,90.9,5,3,0.57,27,1,-1.22
119,CHEMBL1201047,ANILERIDINE HYDROCHLORIDE,CCOC(=O)C1(c2ccccc2)CCN(CCc2ccc(N)cc2)CC1.Cl,388.94,3.0,3.41,55.56,4,1,0.64,26,2,-0.66
120,CHEMBL1200424,PENTETATE ZINC TRISODIUM,O=C([O-])CN(CCN(CC(=O)[O-])CC(=O)[O-])CCN(CC(=O)[O-])CC(=O)[O-].[Na+].[Na+].[Na+].[Zn+2],522.67,,-2.68,196.22,8,5,0.18,27,0,-0.31
122,CHEMBL1387,NORETHYNODREL,C#C[C@]1(O)CC[C@H]2[C@@H]3CCC4=C(CCC(=O)C4)[C@H]3CC[C@@]21C,298.43,78.0,3.64,37.3,2,1,0.55,22,0,1.84
127,CHEMBL1740659,FURSULTIAMINE,C/C(=C(/CCO)SSCC1CCCO1)N(C=O)Cc1cnc(C)nc1N,398.55,40.0,2.5,101.57,8,2,0.46,26,1,0.49
133,CHEMBL1769,PROPOXYCAINE HYDROCHLORIDE,CCCOc1cc(N)ccc1C(=O)OCCN(CC)CC.Cl,330.86,10.0,2.56,64.79,5,1,0.56,21,1,-1.01
139,CHEMBL626,NAFTIFINE,CN(C/C=C/c1ccccc1)Cc1cccc2ccccc12,287.41,249.0,4.99,3.24,1,0,0.64,22,3,-0.56
140,CHEMBL2023895,HYDROXYSTILBAMIDINE ISETHIONATE,N=C(N)c1ccc(/C=C/c2ccc(C(=N)N)cc2O)cc1.O=S(=O)(O)CCO.O=S(=O)(O)CCO,532.6,3.0,2.13,119.97,3,5,0.33,21,2,0.45
142,CHEMBL919,FOSPHENYTOIN SODIUM,O=C1NC(c2ccccc2)(c2ccccc2)C(=O)N1COP(=O)([O-])[O-].[Na+].[Na+],406.24,10.0,1.55,116.17,4,3,0.55,25,2,-0.31
146,CHEMBL3989728,MENADIOL SODIUM DIPHOSPHATE,Cc1cc(OP(=O)([O-])[O-])c2ccccc2c1OP(=O)([O-])[O-].O.O.O.O.O.O.[Na+].[Na+].[Na+].[Na+],530.18,30.0,2.09,133.52,4,4,0.62,21,2,0.54
149,CHEMBL1072,BUMETANIDE,CCCCNc1cc(C(=O)O)cc(S(N)(=O)=O)c1Oc1ccccc1,364.42,376.0,3.04,118.72,5,3,0.62,25,2,-0.97
151,CHEMBL423,BETAXOLOL,CC(C)NCC(O)COc1ccc(CCOCC2CC2)cc1,307.43,194.0,2.39,50.72,4,2,0.62,22,1,-0.56
152,CHEMBL530,AMDINOCILLIN,CC1(C)S[C@@H]2[C@H](/N=C/N3CCCCCC3)C(=O)N2[C@H]1C(=O)O,325.43,83.0,1.41,73.21,4,1,0.48,22,0,0.38
153,CHEMBL1200343,PERINDOPRIL ERBUMINE,CC(C)(C)N.CCC[C@H](N[C@@H](C)C(=O)N1[C@H](C(=O)O)C[C@@H]2CCCC[C@@H]21)C(=O)OCC,441.61,14.0,1.94,95.94,5,2,0.64,26,0,0.08
154,CHEMBL1200760,BALSALAZIDE DISODIUM,O=C([O-])CCNC(=O)c1ccc(/N=N/c2ccc(O)c(C(=O)[O-])c2)cc1.[Na+].[Na+],401.29,1.0,2.71,148.65,6,4,0.56,26,2,-0.5
155,CHEMBL1200945,PENTETATE CALCIUM TRISODIUM,O=C([O-])CN(CCN(CC(=O)[O-])CC(=O)[O-])CCN(CC(=O)[O-])CC(=O)[O-].[Ca+2].[Na+].[Na+].[Na+],497.36,14.0,-2.68,196.22,8,5,0.18,27,0,-0.31
158,CHEMBL1200588,CLINDAMYCIN HYDROCHLORIDE,CCC[C@@H]1C[C@@H](C(=O)N[C@@H]([C@H]2O[C@H](SC)[C@H](O)[C@@H](O)[C@H]2O)[C@H](C)Cl)N(C)C1.Cl,461.45,48.0,0.39,102.26,7,4,0.44,27,0,0.6
162,CHEMBL4594301,REMIMAZOLAM BESYLATE,COC(=O)CC[C@@H]1N=C(c2ccccn2)c2cc(Br)ccc2-n2c(C)cnc21.O=S(=O)(O)c1ccccc1,597.49,,4.18,69.37,6,0,0.57,28,3,-0.59
164,CHEMBL1201787,LAPYRIUM CHLORIDE,CCCCCCCCCCCC(=O)OCCNC(=O)C[n+]1ccccc1.[Cl-],398.98,,3.55,59.28,3,1,0.29,26,1,-0.4
166,CHEMBL996,CEFOXITIN,CO[C@@]1(NC(=O)Cc2cccs2)C(=O)N2C(C(=O)O)=C(COC(N)=O)CS[C@@H]21,427.46,2008.0,0.1,148.26,8,3,0.41,28,1,-0.15
170,CHEMBL2111097,LEVAMLODIPINE,CCOC(=O)C1=C(COCCN)NC(C)=C(C(=O)OC)[C@@H]1c1ccccc1Cl,408.88,29.0,2.27,99.88,7,2,0.5,28,1,-0.78
173,CHEMBL3545181,TIOTROPIUM BROMIDE,C[N+]1(C)[C@@H]2C[C@@H](OC(=O)C(O)(c3cccs3)c3cccs3)C[C@H]1[C@@H]1O[C@@H]12.O.[Br-],490.44,293.0,2.35,59.06,6,1,0.49,26,2,0.51
174,CHEMBL12610,BENZYDAMINE,CN(C)CCCOc1nn(Cc2ccccc2)c2ccccc12,309.41,73.0,3.42,30.29,4,0,0.63,23,3,-1.3
178,CHEMBL766,CILASTATIN,CC1(C)C[C@@H]1C(=O)N/C(=C\CCCCSC[C@H](N)C(=O)O)C(=O)O,358.46,93.0,1.43,129.72,5,4,0.32,24,0,0.74
184,CHEMBL2107815,TREPROSTINIL DIOLAMINE,CCCCC[C@H](O)CC[C@@H]1[C@H]2Cc3cccc(OCC(=O)O)c3C[C@H]2C[C@H]1O.OCCNCCO,495.66,,3.58,86.99,4,3,0.53,28,1,1.34
185,CHEMBL605846,OLODATEROL,COc1ccc(CC(C)(C)NC[C@H](O)c2cc(O)cc3c2OCC(=O)N3)cc1,386.45,94.0,2.38,100.05,6,4,0.58,28,2,0.15
187,CHEMBL5095050,FINGOLIMOD LAURYL SULFATE,CCCCCCCCCCCCOS(=O)(=O)O.CCCCCCCCc1ccc(CCC(N)(CO)CO)cc1,573.88,,3.2,66.48,3,3,0.52,22,1,0.66
188,CHEMBL1354199,METHSCOPOLAMINE BROMIDE,C[N+]1(C)[C@@H]2C[C@@H](OC(=O)[C@H](CO)c3ccccc3)C[C@H]1[C@@H]1O[C@@H]12.[Br-],398.3,15.0,1.06,59.06,4,1,0.51,23,1,1.14
189,CHEMBL1200988,METHANTHELINE BROMIDE,CC[N+](C)(CC)CCOC(=O)C1c2ccccc2Oc2ccccc21.[Br-],420.35,17.0,3.95,35.53,3,0,0.59,25,2,-0.03
200,CHEMBL105,MITOMYCIN,CO[C@@]12[C@H](COC(N)=O)C3=C(C(=O)C(C)=C(N)C3=O)N1C[C@@H]1N[C@@H]12,334.33,2501.0,-1.65,146.89,8,3,0.41,24,0,2.07
202,CHEMBL1628502,GABAPENTIN ENACARBIL,CC(OC(=O)NCC1(CC(=O)O)CCCCC1)OC(=O)C(C)C,329.39,8.0,2.68,101.93,5,2,0.55,23,0,0.38
203,CHEMBL2105711,TOFOGLIFLOZIN,CCc1ccc(Cc2ccc3c(c2)[C@]2(OC3)O[C@H](CO)[C@@H](O)[C@H](O)[C@H]2O)cc1.O,404.46,9.0,1.0,99.38,6,4,0.63,28,2,1.16
206,CHEMBL1301,HYDROXYSTILBAMIDINE,N=C(N)c1ccc(/C=C/c2ccc(C(=N)N)cc2O)cc1,280.33,74.0,2.13,119.97,3,5,0.33,21,2,0.45
207,CHEMBL1245,TRIMETHAPHAN CAMSYLATE,CC1(C)C2CCC1(CS(=O)(=O)[O-])C(=O)C2.O=C1N(Cc2ccccc2)C2C[S+]3CCCC3C2N1Cc1ccccc1,596.82,12.0,3.66,23.55,1,0,0.6,26,2,-0.17
208,CHEMBL1195,PROPOXYCAINE,CCCOc1cc(N)ccc1C(=O)OCCN(CC)CC,294.4,19.0,2.56,64.79,5,1,0.56,21,1,-1.01
209,CHEMBL1200971,CEPHALOGLYCIN,CC(=O)OCC1=C(C(=O)O)N2C(=O)[C@@H](NC(=O)[C@H](N)c3ccccc3)[C@H]2SC1,405.43,70.0,-0.01,139.03,7,3,0.44,28,1,0.5
213,CHEMBL1334860,DILOXANIDE FUROATE,CN(C(=O)C(Cl)Cl)c1ccc(OC(=O)c2ccco2)cc1,328.15,33.0,3.27,59.75,4,0,0.49,21,2,-1.13
214,CHEMBL1200654,BENOXINATE HYDROCHLORIDE,CCCCOc1cc(C(=O)OCCN(CC)CC)ccc1N.Cl,344.88,21.0,2.95,64.79,5,1,0.41,22,1,-0.84
217,CHEMBL1200402,AMLODIPINE BESYLATE,CCOC(=O)C1=C(COCCN)NC(C)=C(C(=O)OC)C1c1ccccc1Cl.O=S(=O)(O)c1ccccc1,567.06,38.0,2.27,99.88,7,2,0.5,28,1,-0.78
220,CHEMBL1201274,LEVOBETAXOLOL,CC(C)NC[C@H](O)COc1ccc(CCOCC2CC2)cc1,307.43,41.0,2.39,50.72,4,2,0.62,22,1,-0.56
222,CHEMBL119,TRIMETREXATE,COc1cc(NCc2ccc3nc(N)nc(N)c3c2C)cc(OC)c1OC,369.43,423.0,2.74,117.54,8,3,0.61,27,3,-0.57
223,CHEMBL780,PENTETIC ACID,O=C(O)CN(CCN(CC(=O)O)CC(=O)O)CCN(CC(=O)O)CC(=O)O,393.35,265.0,-2.68,196.22,8,5,0.18,27,0,-0.31
231,CHEMBL2105684,SELUMETINIB SULFATE,Cn1cnc2c(F)c(Nc3ccc(Br)cc3Cl)c(C(=O)NOCCO)cc21.O=S(=O)(O)O,555.77,,3.53,88.41,6,3,0.39,27,3,-1.23
233,CHEMBL376897,METHSCOPOLAMINE,C[N+]1(C)[C@@H]2C[C@@H](OC(=O)[C@H](CO)c3ccccc3)C[C@H]1[C@@H]1O[C@@H]12,318.39,110.0,1.06,59.06,4,1,0.51,23,1,1.14
234,CHEMBL606,MISOPROSTOL,CCCCC(C)(O)C/C=C/[C@H]1[C@H](O)CC(=O)[C@@H]1CCCCCCC(=O)OC,382.54,182.0,3.95,83.83,5,2,0.29,27,0,1.41
235,CHEMBL521606,NADOLOL,CC(C)(C)NCC(O)COc1cccc2c1CC(O)C(O)C2,309.41,785.0,0.63,81.95,5,4,0.64,22,1,0.26
239,CHEMBL1200530,CEFOXITIN SODIUM,CO[C@@]1(NC(=O)Cc2cccs2)C(=O)N2C(C(=O)[O-])=C(COC(N)=O)CS[C@@H]21.[Na+],449.44,53.0,0.1,148.26,8,3,0.41,28,1,-0.15
240,CHEMBL3137320,TALAZOPARIB,Cn1ncnc1[C@H]1c2n[nH]c(=O)c3cc(F)cc(c23)N[C@@H]1c1ccc(F)cc1,380.36,154.0,2.63,88.49,6,2,0.56,28,4,-1.16
242,CHEMBL1237119,TREPROSTINIL,CCCCC[C@H](O)CC[C@@H]1[C@H]2Cc3cccc(OCC(=O)O)c3C[C@H]2C[C@H]1O,390.52,94.0,3.58,86.99,4,3,0.53,28,1,1.34
245,CHEMBL533,IBUTILIDE,CCCCCCCN(CC)CCCC(O)c1ccc(NS(C)(=O)=O)cc1,384.59,214.0,4.16,69.64,4,2,0.47,26,1,-0.75
246,CHEMBL1491,AMLODIPINE,CCOC(=O)C1=C(COCCN)NC(C)=C(C(=O)OC)C1c1ccccc1Cl,408.88,1108.0,2.27,99.88,7,2,0.5,28,1,-0.78
248,CHEMBL1570,SULFOXONE,O=S(O)CNc1ccc(S(=O)(=O)c2ccc(NCS(=O)O)cc2)cc1,404.49,2.0,1.7,132.8,6,4,0.49,25,2,-0.74
249,CHEMBL175691,RILPIVIRINE,Cc1cc(/C=C/C#N)cc(C)c1Nc1ccnc(Nc2ccc(C#N)cc2)n1,366.43,795.0,4.99,97.42,6,2,0.62,28,3,-1.13
253,CHEMBL3833340,AZTREONAM LYSINE,C[C@H]1[C@H](NC(=O)/C(=N\OC(C)(C)C(=O)O)c2csc(N)n2)C(=O)N1S(=O)(=O)O.NCCCC[C@H](N)C(=O)O,581.63,,-1.17,201.58,10,4,0.17,28,1,0.09
266,CHEMBL3183075,NIZATIDINE,CNC(=C[N+](=O)[O-])NCCSCc1csc(CN(C)C)n1,331.47,849.0,1.32,83.33,8,2,0.38,21,1,-2.04
267,CHEMBL70972,SERATRODAST,CC1=C(C)C(=O)C(C(CCCCCC(=O)O)c2ccccc2)=C(C)C1=O,354.45,1113.0,4.61,71.44,3,1,0.55,26,1,0.7
269,CHEMBL4303214,FRUQUINTINIB,CNC(=O)c1c(C)oc2cc(Oc3ncnc4cc(OC)c(OC)cc34)ccc12,393.4,10.0,3.85,95.71,7,1,0.55,29,4,-0.76
276,CHEMBL2106988,PENAMECILLIN,CC(=O)OCOC(=O)[C@@H]1N2C(=O)[C@@H](NC(=O)Cc3ccccc3)[C@H]2SC1(C)C,406.46,,0.84,102.01,7,1,0.42,28,1,0.47
277,CHEMBL5314373,"CEFPROZIL, (E)-",C/C=C/C1=C(C(=O)O)N2C(=O)[C@@H](NC(=O)[C@H](N)c3ccc(O)cc3)[C@H]2SC1.O,407.45,41.0,0.71,132.96,6,4,0.55,27,1,0.67
280,CHEMBL2110588,ELIGLUSTAT,CCCCCCCC(=O)N[C@H](CN1CCCC1)[C@H](O)c1ccc2c(c1)OCCO2,404.55,46.0,3.43,71.03,5,2,0.55,29,1,-0.22
282,CHEMBL2105743,OLODATEROL HYDROCHLORIDE,COc1ccc(CC(C)(C)NC[C@H](O)c2cc(O)cc3c2OCC(=O)N3)cc1.Cl,422.91,8.0,2.38,100.05,6,4,0.58,28,2,0.15
285,CHEMBL4297109,OXITROPIUM BROMIDE,CC[N+]1(C)[C@@H]2CC(OC(=O)[C@H](CO)c3ccccc3)C[C@H]1[C@@H]1O[C@@H]12.[Br-],412.32,,1.45,59.06,4,1,0.5,24,1,1.04
287,CHEMBL158,AZTREONAM,C[C@H]1[C@H](NC(=O)/C(=N\OC(C)(C)C(=O)O)c2csc(N)n2)C(=O)N1S(=O)(=O)O,435.44,2862.0,-1.17,201.58,10,4,0.17,28,1,0.09
289,CHEMBL553,ERLOTINIB,C#Cc1cccc(Nc2ncnc3cc(OCCOC)c(OCCOC)cc23)c1,393.44,5437.0,3.41,74.73,7,1,0.42,29,3,-1.22
296,CHEMBL1200833,DIPIVEFRIN HYDROCHLORIDE,CNCC(O)c1ccc(OC(=O)C(C)(C)C)c(OC(=O)C(C)(C)C)c1.Cl,387.9,17.0,2.84,84.86,6,2,0.63,25,1,0.22
297,CHEMBL3707377,SEGESTERONE ACETATE,C=C1C[C@H]2[C@@H]3CCC4=CC(=O)CC[C@@H]4[C@H]3CC[C@]2(C)[C@@]1(OC(C)=O)C(C)=O,370.49,,4.19,60.44,4,0,0.54,27,0,2.17
299,CHEMBL1201347,ANILERIDINE,CCOC(=O)C1(c2ccccc2)CCN(CCc2ccc(N)cc2)CC1,352.48,10.0,3.41,55.56,4,1,0.64,26,2,-0.66
300,CHEMBL1274,NILUTAMIDE,CC1(C)NC(=O)N(c2ccc([N+](=O)[O-])c(C(F)(F)F)c2)C1=O,317.22,284.0,2.45,92.55,4,1,0.51,22,1,-1.46
301,CHEMBL1200624,ETHYNODIOL DIACETATE,C#C[C@]1(OC(C)=O)CC[C@H]2[C@@H]3CCC4=C[C@@H](OC(C)=O)CC[C@@H]4[C@H]3CC[C@@]21C,384.52,323.0,4.43,52.6,4,0,0.4,28,0,2.06
302,CHEMBL5315118,ILOPROST TROMETHAMINE,CC#CCC(C)[C@H](O)/C=C/[C@@H]1[C@H]2C/C(=C/CCCC(=O)O)C[C@H]2C[C@H]1O.NC(CO)(CO)CO,481.63,,3.54,77.76,3,3,0.35,26,0,1.99
303,CHEMBL1632,CEPHALOTHIN SODIUM,CC(=O)OCC1=C(C(=O)[O-])N2C(=O)[C@@H](NC(=O)Cc3cccs3)[C@H]2SC1.[Na+],418.43,54.0,0.59,113.01,7,2,0.53,26,1,-0.37
307,CHEMBL3989571,SPECTINOMYCIN HYDROCHLORIDE,CN[C@@H]1[C@H](O)[C@H](NC)[C@H]2O[C@@]3(O)C(=O)C[C@@H](C)O[C@H]3O[C@@H]2[C@H]1O.Cl.Cl.O.O.O.O.O,495.35,4.0,-2.93,129.51,9,5,0.36,23,0,2.43
312,CHEMBL1201217,DYCLONINE,CCCCOc1ccc(C(=O)CCN2CCCCC2)cc1,289.42,133.0,3.92,29.54,3,0,0.54,21,1,-1.01
318,CHEMBL1200356,CYCLACILLIN,CC1(C)S[C@@H]2[C@H](NC(=O)C3(N)CCCCC3)C(=O)N2[C@H]1C(=O)O,341.43,172.0,0.28,112.73,5,3,0.64,23,0,0.84
322,CHEMBL1082,AMOXICILLIN,CC1(C)S[C@@H]2[C@H](NC(=O)[C@H](N)c3ccc(O)cc3)C(=O)N2[C@H]1C(=O)O,365.41,4005.0,0.02,132.96,6,4,0.55,25,1,0.94
325,CHEMBL1196,PROPARACAINE,CCCOc1ccc(C(=O)OCCN(CC)CC)cc1N,294.39,373.0,2.56,64.79,5,1,0.56,21,1,-0.94
328,CHEMBL1908906,FLORBETABEN,CNc1ccc(/C=C/c2ccc(OCCOCCOCCF)cc2)cc1,359.44,1.0,4.28,39.72,4,1,0.45,26,2,-0.5
330,CHEMBL1644,CEFADROXIL,CC1=C(C(=O)O)N2C(=O)[C@@H](NC(=O)[C@H](N)c3ccc(O)cc3)[C@H]2SC1,363.39,258.0,0.15,132.96,6,4,0.56,25,1,0.48
331,CHEMBL1533,DESOGESTREL,C#C[C@]1(O)CC[C@H]2[C@@H]3CCC4=CCCC[C@@H]4[C@H]3C(=C)C[C@@]21CC,310.48,116.0,4.87,20.23,1,1,0.54,23,0,1.78
333,CHEMBL1560089,XANTHINOL NIACINATE,CN(CCO)CC(O)Cn1cnc2c1c(=O)n(C)c(=O)n2C.O=C(O)c1cccnc1,434.45,15.0,-2.28,105.52,9,2,0.62,22,2,-1.4
334,CHEMBL1716,CYPROHEPTADINE HYDROCHLORIDE,CN1CCC(=C2c3ccccc3C=Cc3ccccc32)CC1.Cl,323.87,68.0,4.7,3.24,1,0,0.58,22,2,0.26
338,CHEMBL1256786,FORMOTEROL,COc1ccc(CC(C)NCC(O)c2ccc(O)c(NC=O)c2)cc1,344.41,148.0,2.22,90.82,5,4,0.41,25,2,-0.07
346,CHEMBL1201134,LUBIPROSTONE,CCCCC(F)(F)[C@@]1(O)CC[C@H]2[C@@H](CC(=O)[C@@H]2CCCCCCC(=O)O)O1,390.47,5.0,4.31,83.83,4,2,0.51,27,0,1.08
350,CHEMBL1180725,PROPANTHELINE,CC(C)[N+](C)(CCOC(=O)C1c2ccccc2Oc2ccccc21)C(C)C,368.5,114.0,4.73,35.53,3,0,0.55,27,2,0.1
352,CHEMBL1951071,ARFORMOTEROL TARTRATE,COc1ccc(C[C@@H](C)NC[C@H](O)c2ccc(O)c(NC=O)c2)cc1.O=C(O)C(O)C(O)C(=O)O,494.5,2.0,2.22,90.82,5,4,0.41,25,2,-0.07
355,CHEMBL1201264,METHANTHELINE,CC[N+](C)(CC)CCOC(=O)C1c2ccccc2Oc2ccccc21,340.44,43.0,3.95,35.53,3,0,0.59,25,2,-0.03
356,CHEMBL1200598,DIETHYLSTILBESTROL DIPHOSPHATE,CC/C(=C(/CC)c1ccc(OP(=O)(O)O)cc1)c1ccc(OP(=O)(O)O)cc1,428.31,26.0,4.36,133.52,4,4,0.36,28,2,0.27
357,CHEMBL252556,IDEBENONE,COC1=C(OC)C(=O)C(CCCCCCCCCCO)=C(C)C1=O,338.44,1071.0,3.46,72.83,5,1,0.44,24,0,1.39
360,CHEMBL1691,BETAXOLOL HYDROCHLORIDE,CC(C)NCC(O)COc1ccc(CCOCC2CC2)cc1.Cl,343.9,1143.0,2.39,50.72,4,2,0.62,22,1,-0.56
362,CHEMBL2103844,PIXANTRONE DIMALEATE,NCCNc1ccc(NCCN)c2c1C(=O)c1ccncc1C2=O.O=C(O)/C=C\C(=O)O.O=C(O)/C=C\C(=O)O,557.52,,0.6,123.13,7,4,0.52,24,2,-0.16
366,CHEMBL544665,FINGOLIMOD HYDROCHLORIDE,CCCCCCCCc1ccc(CCC(N)(CO)CO)cc1.Cl,343.94,107.0,3.2,66.48,3,3,0.52,22,1,0.66
368,CHEMBL491571,DORIPENEM,C[C@@H](O)[C@H]1C(=O)N2C(C(=O)O)=C(S[C@@H]3CN[C@H](CNS(N)(=O)=O)C3)[C@H](C)[C@H]12,420.51,2052.0,-1.6,162.06,7,5,0.31,27,0,0.73
371,CHEMBL1091250,INDIGOTINDISULFONATE,O=C1/C(=C2\Nc3ccc(S(=O)(=O)O)cc3C2=O)Nc2ccc(S(=O)(=O)O)cc21,422.4,52.0,1.31,166.94,8,4,0.41,28,2,-0.04
374,CHEMBL127,MEROPENEM,C[C@@H](O)[C@H]1C(=O)N2C(C(=O)O)=C(S[C@@H]3CN[C@H](C(=O)N(C)C)C3)[C@H](C)[C@H]12,383.47,6482.0,-0.31,110.18,6,3,0.56,26,0,0.78
375,CHEMBL1095607,REPROTEROL,Cn1c(=O)c2c(ncn2CCCNCC(O)c2cc(O)cc(O)c2)n(C)c1=O,389.41,2.0,-0.44,134.54,10,4,0.4,28,3,-0.6
376,CHEMBL1200,BENOXINATE,CCCCOc1cc(C(=O)OCCN(CC)CC)ccc1N,308.42,98.0,2.95,64.79,5,1,0.41,22,1,-0.84
377,CHEMBL1741134,PICOSULFURIC ACID,O=S(=O)(O)Oc1ccc(C(c2ccc(OS(=O)(=O)O)cc2)c2ccccn2)cc1,437.45,3.0,2.63,140.09,7,2,0.53,29,3,-0.21
379,CHEMBL429,LABETALOL,CC(CCc1ccccc1)NCC(O)c1ccc(O)c(C(N)=O)c1,328.41,2327.0,2.14,95.58,4,4,0.6,24,2,-0.21
381,CHEMBL1581,PERINDOPRIL,CCC[C@H](N[C@@H](C)C(=O)N1[C@H](C(=O)O)C[C@@H]2CCCC[C@@H]21)C(=O)OCC,368.47,90.0,1.94,95.94,5,2,0.64,26,0,0.08
383,CHEMBL1528134,BENZYDAMINE HYDROCHLORIDE,CN(C)CCCOc1nn(Cc2ccccc2)c2ccccc12.Cl,345.87,29.0,3.42,30.29,4,0,0.63,23,3,-1.3
384,CHEMBL2106627,DIACETYLMORPHINE HYDROCHLORIDE,CC(=O)Oc1ccc2c3c1O[C@H]1[C@@H](OC(C)=O)C=C[C@H]4[C@@H](C2)N(C)CC[C@@]341.Cl,405.88,1.0,1.99,65.07,6,0,0.45,27,1,2.11
385,CHEMBL1337,NITISINONE,O=C1CCCC(=O)C1C(=O)c1ccc(C(F)(F)F)cc1[N+](=O)[O-],329.23,39.0,2.73,94.35,5,0,0.37,23,1,-1.05
394,CHEMBL2103802,DAPAGLIFLOZIN PROPANEDIOL,CCOc1ccc(Cc2cc([C@@H]3O[C@H](CO)[C@@H](O)[C@H](O)[C@H]3O)ccc2Cl)cc1.C[C@H](O)CO.O,502.99,,1.84,99.38,6,4,0.58,28,2,0.61
395,CHEMBL1201174,SITAGLIPTIN PHOSPHATE,N[C@@H](CC(=O)N1CCn2c(nnc2C(F)(F)F)C1)Cc1cc(F)c(F)cc1F.O.O=P(O)(O)O,523.33,6.0,2.02,77.04,5,1,0.62,28,2,-1.4
409,CHEMBL642,ACEBUTOLOL,CCCC(=O)Nc1ccc(OCC(O)CNC(C)C)c(C(C)=O)c1,336.43,577.0,2.37,87.66,5,3,0.57,24,1,-0.95
413,CHEMBL167731,PIXANTRONE,NCCNc1ccc(NCCN)c2c1C(=O)c1ccncc1C2=O,325.37,27.0,0.6,123.13,7,4,0.52,24,2,-0.16
415,CHEMBL2018096,IPRAGLIFLOZIN,OC[C@H]1O[C@@H](c2ccc(F)c(Cc3cc4ccccc4s3)c2)[C@H](O)[C@@H](O)[C@@H]1O,404.46,69.0,2.15,90.15,6,4,0.54,28,3,0.19
416,CHEMBL1447,LINCOMYCIN,CCC[C@@H]1C[C@@H](C(=O)N[C@@H]([C@H]2O[C@H](SC)[C@H](O)[C@@H](O)[C@H]2O)[C@@H](C)O)N(C)C1,406.55,955.0,-0.86,122.49,8,5,0.37,27,0,0.64
417,CHEMBL421,SULFASALAZINE,O=C(O)c1cc(/N=N/c2ccc(S(=O)(=O)Nc3ccccn3)cc2)ccc1O,398.4,2295.0,3.7,141.31,7,3,0.54,28,3,-1.07
422,CHEMBL1201057,CILASTATIN SODIUM,CC1(C)C[C@@H]1C(=O)N/C(=C\CCCCSC[C@H](N)C(=O)O)C(=O)[O-].[Na+],380.44,20.0,1.43,129.72,5,4,0.32,24,0,0.74
428,CHEMBL1289926,AXITINIB,CNC(=O)c1ccccc1Sc1ccc2c(/C=C/c3ccccn3)n[nH]c2c1,386.48,1621.0,4.64,70.67,4,2,0.52,28,4,-1.43
430,CHEMBL1200323,LABETALOL HYDROCHLORIDE,CC(CCc1ccccc1)NCC(O)c1ccc(O)c(C(N)=O)c1.Cl,364.87,86.0,2.14,95.58,4,4,0.6,24,2,-0.21
433,CHEMBL566752,FLORBETABEN F18,CNc1ccc(/C=C/c2ccc(OCCOCCOCC[18F])cc2)cc1,358.44,20.0,4.28,39.72,4,1,0.45,26,2,-0.5
437,CHEMBL1422,SITAGLIPTIN,N[C@@H](CC(=O)N1CCn2c(nnc2C(F)(F)F)C1)Cc1cc(F)c(F)cc1F,407.32,432.0,2.02,77.04,5,1,0.62,28,2,-1.4
439,CHEMBL2095212,MIRABEGRON,Nc1nc(CC(=O)Nc2ccc(CCNC[C@H](O)c3ccccc3)cc2)cs1,396.52,1011.0,2.77,100.27,6,4,0.42,28,3,-1.43
440,CHEMBL1201336,FOSPHENYTOIN,O=C1NC(c2ccccc2)(c2ccccc2)C(=O)N1COP(=O)(O)O,362.28,47.0,1.55,116.17,4,3,0.55,25,2,-0.31
442,CHEMBL1257073,TECOVIRIMAT,O=C(NN1C(=O)[C@@H]2[C@@H]3C=C[C@@H]([C@H]4C[C@@H]34)[C@@H]2C1=O)c1ccc(C(F)(F)F)cc1,376.33,523.0,2.4,66.48,3,1,0.64,27,1,-0.7
443,CHEMBL25105,HEXAMIDINE,N=C(N)c1ccc(OCCCCCCOc2ccc(C(=N)N)cc2)cc1,354.45,21.0,3.27,118.2,4,4,0.28,26,2,-0.14
446,CHEMBL3544986,PERINDOPRIL ARGININE,CCC[C@H](N[C@@H](C)C(=O)N1[C@H](C(=O)O)C[C@@H]2CCCC[C@@H]21)C(=O)OCC.N=C(N)NCCC[C@H](N)C(=O)O,542.68,,1.94,95.94,5,2,0.64,26,0,0.08
447,CHEMBL227875,PRETOMANID,O=[N+]([O-])c1cn2c(n1)OC[C@@H](OCc1ccc(OC(F)(F)F)cc1)C2,359.26,634.0,2.67,88.65,7,0,0.6,25,2,-0.63
454,CHEMBL1096882,FLUDARABINE PHOSPHATE,Nc1nc(F)nc2c1ncn2[C@@H]1O[C@H](COP(=O)(O)O)[C@@H](O)[C@@H]1O,365.21,110.0,-1.72,186.07,10,5,0.31,24,2,1.09
460,CHEMBL1201288,DANTROLENE,O=C1CN(/N=C/c2ccc(-c3ccc([N+](=O)[O-])cc3)o2)C(=O)N1,314.26,1674.0,1.74,118.05,6,1,0.4,23,2,-1.25
470,CHEMBL75753,XAMOTEROL,O=C(NCCNCC(O)COc1ccc(O)cc1)N1CCOCC1,339.39,126.0,-0.24,103.29,6,4,0.49,24,1,-1.1
472,CHEMBL4297185,DAROLUTAMIDE,CC(O)c1cc(C(=O)N[C@@H](C)Cn2ccc(-c3ccc(C#N)c(Cl)c3)n2)n[nH]1,398.85,26.0,2.67,119.62,6,3,0.59,28,3,-2.19
474,CHEMBL3137318,TALAZOPARIB TOSYLATE,Cc1ccc(S(=O)(=O)O)cc1.Cn1ncnc1[C@H]1c2n[nH]c(=O)c3cc(F)cc(c23)N[C@@H]1c1ccc(F)cc1,552.56,16.0,2.63,88.49,6,2,0.56,28,4,-1.16
475,CHEMBL1200807,NORELGESTROMIN,C#C[C@]1(O)CC[C@H]2[C@@H]3CCC4=C/C(=N/O)CC[C@@H]4[C@H]3CC[C@@]21CC,327.47,15.0,4.14,52.82,3,2,0.43,24,0,1.55
481,CHEMBL317094,IMIDAPRIL,CCOC(=O)[C@H](CCc1ccccc1)N[C@@H](C)C(=O)N1C(=O)N(C)C[C@H]1C(=O)O,405.45,102.0,0.88,116.25,6,2,0.59,29,1,-0.11
483,CHEMBL144673,HEXETIDINE,CCCCC(CC)CN1CN(CC(CC)CCCC)CC(C)(N)C1,339.61,51.0,4.71,32.5,3,1,0.56,24,0,0.35
484,CHEMBL606260,CARBENICILLIN DISODIUM,CC1(C)S[C@@H]2[C@H](NC(=O)C(C(=O)[O-])c3ccccc3)C(=O)N2[C@H]1C(=O)[O-].[Na+].[Na+],422.37,37.0,0.49,124.01,5,3,0.5,26,1,0.62
485,CHEMBL942,BISACODYL,CC(=O)Oc1ccc(C(c2ccc(OC(C)=O)cc2)c2ccccn2)cc1,361.4,869.0,4.11,65.49,5,0,0.51,27,3,-0.36
493,CHEMBL2146124,CEFUROXIME SODIUM,CO/N=C(\C(=O)N[C@@H]1C(=O)N2C(C(=O)[O-])=C(COC(N)=O)CS[C@H]12)c1ccco1.[Na+],446.37,26.0,-0.54,173.76,9,3,0.3,29,1,0.09
494,CHEMBL1200934,NORGESTIMATE,C#C[C@]1(OC(C)=O)CC[C@H]2[C@@H]3CCC4=C/C(=N/O)CC[C@@H]4[C@H]3CC[C@@]21CC,369.51,90.0,4.71,58.89,4,1,0.33,27,0,1.62
495,CHEMBL1079742,ERLOTINIB HYDROCHLORIDE,C#Cc1cccc(Nc2ncnc3cc(OCCOC)c(OCCOC)cc23)c1.Cl,429.9,86.0,3.41,74.73,7,1,0.42,29,3,-1.22
497,CHEMBL494,ILOPROST,CC#CCC(C)[C@H](O)/C=C/[C@@H]1[C@H]2C/C(=C/CCCC(=O)O)C[C@H]2C[C@H]1O,360.49,109.0,3.54,77.76,3,3,0.35,26,0,1.99
499,CHEMBL3545368,PANOBINOSTAT LACTATE,CC(O)C(=O)O.Cc1[nH]c2ccccc2c1CCNCc1ccc(/C=C/C(=O)NO)cc1,439.51,,3.33,77.15,3,4,0.23,26,3,-0.44
500,CHEMBL1200984,AMLODIPINE MALEATE,CCOC(=O)C1=C(COCCN)NC(C)=C(C(=O)OC)C1c1ccccc1Cl.O=C(O)/C=C\C(=O)O,524.95,,2.27,99.88,7,2,0.5,28,1,-0.78
501,CHEMBL1230314,ESTETROL,C[C@]12CC[C@@H]3c4ccc(O)cc4CC[C@H]3[C@@H]1[C@@H](O)[C@@H](O)[C@@H]2O,304.39,10.0,1.55,80.92,4,4,0.59,22,1,2.3
502,CHEMBL1200906,OXYPHENONIUM BROMIDE,CC[N+](C)(CC)CCOC(=O)C(O)(c1ccccc1)C1CCCCC1.[Br-],428.41,27.0,3.48,46.53,3,1,0.58,25,1,0.09
505,CHEMBL197084,TROFINETIDE,C[C@@]1(C(=O)N[C@@H](CCC(=O)O)C(=O)O)CCCN1C(=O)CN,315.33,2.0,-1.24,150.03,5,4,0.46,22,0,0.26
512,CHEMBL1200585,OXYMETHOLONE,C[C@]12C/C(=C/O)C(=O)C[C@@H]1CC[C@@H]1[C@@H]2CC[C@@]2(C)[C@H]1CC[C@]2(C)O,332.48,719.0,4.4,57.53,3,2,0.51,24,0,1.97
514,CHEMBL1200478,DYCLONINE HYDROCHLORIDE,CCCCOc1ccc(C(=O)CCN2CCCCC2)cc1.Cl,325.88,72.0,3.92,29.54,3,0,0.54,21,1,-1.01
516,CHEMBL1201262,DIPIVEFRIN,CNCC(O)c1ccc(OC(=O)C(C)(C)C)c(OC(=O)C(C)(C)C)c1,351.44,41.0,2.84,84.86,6,2,0.63,25,1,0.22
520,CHEMBL4297526,REMIMAZOLAM,COC(=O)CC[C@@H]1N=C(c2ccccn2)c2cc(Br)ccc2-n2c(C)cnc21,439.31,6.0,4.18,69.37,6,0,0.57,28,3,-0.59
521,CHEMBL1200543,ANILERIDINE PHOSPHATE,CCOC(=O)C1(c2ccccc2)CCN(CCc2ccc(N)cc2)CC1.O=P(O)(O)O,450.47,,3.41,55.56,4,1,0.64,26,2,-0.66
523,CHEMBL1200896,DINOPROST TROMETHAMINE,CCCCC[C@H](O)/C=C/[C@@H]1[C@@H](C/C=C\CCCC(=O)O)[C@@H](O)C[C@H]1O.NC(CO)(CO)CO,475.62,23.0,3.04,97.99,4,4,0.32,25,0,1.94
525,CHEMBL866,MYCOPHENOLIC ACID,COc1c(C)c2c(c(O)c1C/C=C(\C)CCC(=O)O)C(=O)OC2,320.34,1112.0,2.73,93.06,5,2,0.62,23,1,1.84
526,CHEMBL1657,TAZAROTENE,CCOC(=O)c1ccc(C#Cc2ccc3c(c2)C(C)(C)CCS3)nc1,351.47,178.0,4.43,39.19,4,0,0.59,25,2,-0.65
527,CHEMBL1201112,NELARABINE,COc1nc(N)nc2c1ncn2[C@@H]1O[C@H](CO)[C@@H](O)[C@@H]1O,297.27,57.0,-1.97,148.77,10,4,0.51,21,2,0.87
534,CHEMBL4594288,LEVAMLODIPINE MALEATE,CCOC(=O)C1=C(COCCN)NC(C)=C(C(=O)OC)[C@@H]1c1ccccc1Cl.O=C(O)/C=C\C(=O)O,524.95,,2.27,99.88,7,2,0.5,28,1,-0.78
536,CHEMBL189171,ACEMETACIN,COc1ccc2c(c1)c(CC(=O)OCC(=O)O)c(C)n2C(=O)c1ccc(Cl)cc1,415.83,740.0,3.47,94.83,6,1,0.62,29,3,-0.72
537,CHEMBL1200813,ACEBUTOLOL HYDROCHLORIDE,CCCC(=O)Nc1ccc(OCC(O)CNC(C)C)c(C(C)=O)c1.Cl,372.89,31.0,2.37,87.66,5,3,0.57,24,1,-0.95
538,CHEMBL815,DINOPROST,CCCCC[C@H](O)/C=C/[C@@H]1[C@@H](C/C=C\CCCC(=O)O)[C@@H](O)C[C@H]1O,354.49,198.0,3.04,97.99,4,4,0.32,25,0,1.94
539,CHEMBL927,CEFDINIR,C=CC1=C(C(=O)O)N2C(=O)[C@@H](NC(=O)/C(=N\O)c3csc(N)n3)[C@H]2SC1,395.42,431.0,-0.17,158.21,9,4,0.23,26,1,0.05
542,CHEMBL1201110,VALACYCLOVIR HYDROCHLORIDE,CC(C)[C@H](N)C(=O)OCCOCn1cnc2c(=O)nc(N)[nH]c21.Cl,360.8,67.0,-0.8,151.14,9,3,0.44,23,2,-0.28
543,CHEMBL4303454,DORIPENEM MONOHYDRATE,C[C@@H](O)[C@H]1C(=O)N2C(C(=O)O)=C(S[C@@H]3CN[C@H](CNS(N)(=O)=O)C3)[C@H](C)[C@H]12.O,438.53,1.0,-1.6,162.06,7,5,0.31,27,0,0.73
546,CHEMBL1201019,CEFTIZOXIME SODIUM,CO/N=C(\C(=O)N[C@@H]1C(=O)N2C(C(=O)[O-])=CCS[C@H]12)c1csc(N)n1.[Na+],405.39,37.0,-0.56,147.21,9,3,0.35,25,1,-0.14
548,CHEMBL1200382,BEPRIDIL HYDROCHLORIDE,CC(C)COCC(CN(Cc1ccccc1)c1ccccc1)N1CCCC1.Cl.O,421.03,6.0,4.83,15.71,3,0,0.6,27,2,-1.15
549,CHEMBL1200454,VALGANCICLOVIR HYDROCHLORIDE,CC(C)[C@H](N)C(=O)OCC(CO)OCn1cnc2c(=O)nc(N)[nH]c21.Cl,390.83,13.0,-1.44,171.37,10,4,0.41,25,2,0.54
555,CHEMBL1451,TRIAMCINOLONE,C[C@]12C=CC(=O)C=C1CC[C@H]1[C@@H]3C[C@@H](O)[C@](O)(C(=O)CO)[C@@]3(C)C[C@H](O)[C@@]12F,394.44,487.0,0.62,115.06,6,4,0.55,28,0,2.1
564,CHEMBL1436,CEFUROXIME,CO/N=C(\C(=O)N[C@@H]1C(=O)N2C(C(=O)O)=C(COC(N)=O)CS[C@H]12)c1ccco1,424.39,1506.0,-0.54,173.76,9,3,0.3,29,1,0.09
568,CHEMBL408513,BELINOSTAT,O=C(/C=C/c1cccc(S(=O)(=O)Nc2ccccc2)c1)NO,318.35,370.0,2.01,95.5,4,3,0.45,22,2,-1.01
571,CHEMBL1409,FLUVOXAMINE MALEATE,COCCCC/C(=N\OCCN)c1ccc(C(F)(F)F)cc1.O=C(O)/C=C\C(=O)O,434.41,120.0,3.2,56.84,4,1,0.43,22,1,-0.69
573,CHEMBL361506,PENTAMIDINE ISETHIONATE,N=C(N)c1ccc(OCCCCCOc2ccc(C(=N)N)cc2)cc1.O=S(=O)(O)CCO.O=S(=O)(O)CCO,592.69,103.0,2.88,118.2,4,4,0.3,25,2,-0.14
576,CHEMBL49,BUSPIRONE,O=C1CC2(CCCC2)CC(=O)N1CCCCN1CCN(c2ncccn2)CC1,385.51,1216.0,2.09,69.64,6,0,0.55,28,1,-1.1
581,CHEMBL3545313,BEMPEDOIC ACID,CC(C)(CCCCCC(O)CCCCCC(C)(C)C(=O)O)C(=O)O,344.49,7.0,4.47,94.83,3,3,0.4,24,0,0.76
582,CHEMBL3989517,IOFLUPANE I 123,COC(=O)[C@H]1[C@@H](c2ccc([123I])cc2)C[C@@H]2CC[C@H]1N2CCCF,427.29,,3.76,29.54,3,0,0.53,23,1,-0.26
584,CHEMBL83668,TOLNAFTATE,Cc1cccc(N(C)C(=S)Oc2ccc3ccccc3c2)c1,307.42,437.0,4.95,12.47,2,0,0.62,22,3,-1.14
585,CHEMBL1790041,RANITIDINE,CNC(=C[N+](=O)[O-])NCCSCc1ccc(CN(C)C)o1,314.41,2701.0,1.46,83.58,7,2,0.38,21,1,-1.29
586,CHEMBL1401,NITAZOXANIDE,CC(=O)Oc1ccccc1C(=O)Nc1ncc([N+](=O)[O-])s1,307.29,1016.0,2.23,111.43,7,1,0.4,21,2,-1.77
587,CHEMBL1753,CLINDAMYCIN,CCC[C@@H]1C[C@@H](C(=O)N[C@@H]([C@H]2O[C@H](SC)[C@H](O)[C@@H](O)[C@H]2O)[C@H](C)Cl)N(C)C1,424.99,3768.0,0.39,102.26,7,4,0.44,27,0,0.6
590,CHEMBL1219,RABEPRAZOLE,COCCCOc1ccnc(C[S+]([O-])c2nc3ccccc3[nH]2)c1C,359.45,790.0,2.99,83.09,5,1,0.49,25,3,-0.57
591,CHEMBL1200399,BUSPIRONE HYDROCHLORIDE,Cl.O=C1CC2(CCCC2)CC(=O)N1CCCCN1CCN(c2ncccn2)CC1,421.97,48.0,2.09,69.64,6,0,0.55,28,1,-1.1
592,CHEMBL1139,EPOPROSTENOL,CCCCC[C@H](O)/C=C/[C@@H]1[C@H]2C/C(=C/CCCC(=O)O)O[C@H]2C[C@H]1O,352.47,55.0,3.41,86.99,4,3,0.41,25,0,1.91
608,CHEMBL2107175,RANELIC ACID,N#Cc1c(N(CC(=O)O)CC(=O)O)sc(C(=O)O)c1CC(=O)O,342.29,,-0.08,176.23,7,4,0.5,23,1,-0.73
610,CHEMBL2107381,URIDINE TRIACETATE,CC(=O)OC[C@H]1O[C@@H](n2ccc(=O)[nH]c2=O)[C@H](OC(C)=O)[C@@H]1OC(C)=O,370.31,46.0,-1.14,142.99,10,1,0.5,26,1,1.17
618,CHEMBL1200930,RABEPRAZOLE SODIUM,COCCCOc1ccnc(C[S+]([O-])c2nc3ccccc3[n-]2)c1C.[Na+],381.43,61.0,2.99,83.09,5,1,0.49,25,3,-0.57
619,CHEMBL528,CEFTIZOXIME,CO/N=C(\C(=O)N[C@@H]1C(=O)N2C(C(=O)O)=CCS[C@H]12)c1csc(N)n1,383.41,254.0,-0.56,147.21,9,3,0.35,25,1,-0.14
620,CHEMBL1200580,SULFOXONE SODIUM,O=S([O-])CNc1ccc(S(=O)(=O)c2ccc(NCS(=O)[O-])cc2)cc1.[Na+].[Na+],448.45,,1.7,132.8,6,4,0.49,25,2,-0.74
622,CHEMBL928,DANTROLENE SODIUM,O=C1CN(/N=C/c2ccc(-c3ccc([N+](=O)[O-])cc3)o2)C(=O)[N-]1.[Na+],336.24,54.0,1.74,118.05,6,1,0.4,23,2,-1.25
624,CHEMBL409,BICALUTAMIDE,CC(O)(CS(=O)(=O)c1ccc(F)cc1)C(=O)Nc1ccc(C#N)c(C(F)(F)F)c1,430.38,1304.0,2.88,107.26,5,2,0.56,29,2,-1.64
632,CHEMBL193,NIFEDIPINE,COC(=O)C1=C(C)NC(C)=C(C(=O)OC)C1c1ccccc1[N+](=O)[O-],346.34,3326.0,2.18,107.77,7,1,0.51,25,1,-0.72
643,CHEMBL1624126,XANTHINOL,CN(CCO)CC(O)Cn1cnc2c1c(=O)n(C)c(=O)n2C,311.34,2.0,-2.28,105.52,9,2,0.62,22,2,-1.4
644,CHEMBL1237105,CARBOPROST TROMETHAMINE,CCCCC[C@](C)(O)/C=C/[C@@H]1[C@@H](C/C=C\CCCC(=O)O)[C@@H](O)C[C@H]1O.NC(CO)(CO)CO,489.65,2.0,3.43,97.99,4,4,0.31,26,0,1.89
651,CHEMBL1089318,OPICAPONE,Cc1c(Cl)c(C)[n+]([O-])c(Cl)c1-c1noc(-c2cc(O)c(O)c([N+](=O)[O-])c2)n1,413.17,30.0,3.28,149.46,8,2,0.17,27,3,-0.74
654,CHEMBL1026,FENOLDOPAM MESYLATE,CS(=O)(=O)O.Oc1ccc(C2CNCCc3c2cc(O)c(O)c3Cl)cc1,401.87,58.0,2.73,72.72,4,4,0.61,21,2,0.95
655,CHEMBL2110372,RANITIDINE HYDROCHLORIDE,CNC(=C[N+](=O)[O-])NCCSCc1ccc(CN(C)C)o1.Cl,350.87,9.0,1.46,83.58,7,2,0.38,21,1,-1.29
664,CHEMBL1726,NISOLDIPINE,COC(=O)C1=C(C)NC(C)=C(C(=O)OCC(C)C)C1c1ccccc1[N+](=O)[O-],388.42,936.0,3.2,107.77,7,1,0.45,28,1,-0.75
669,CHEMBL814,FLUVOXAMINE,COCCCC/C(=N\OCCN)c1ccc(C(F)(F)F)cc1,318.34,236.0,3.2,56.84,4,1,0.43,22,1,-0.69
670,CHEMBL578,ENALAPRIL,CCOC(=O)[C@H](CCc1ccccc1)N[C@@H](C)C(=O)N1CCC[C@H]1C(=O)O,376.45,2435.0,1.6,95.94,5,2,0.64,27,1,-0.29
671,CHEMBL1789842,INDACATEROL MALEATE,CCc1cc2c(cc1CC)CC(NC[C@H](O)c1ccc(O)c3[nH]c(=O)ccc13)C2.O=C(O)/C=C\C(=O)O,508.57,11.0,3.15,85.35,4,4,0.52,29,3,0.35
676,CHEMBL2106643,MYCOPHENOLATE SODIUM,COc1c(C)c2c(c(O)c1C/C=C(\C)CCC(=O)[O-])C(=O)OC2.[Na+],342.32,,2.73,93.06,5,2,0.62,23,1,1.84
680,CHEMBL1534,RIBOFLAVIN,Cc1cc2nc3c(=O)[nH]c(=O)nc-3n(C[C@H](O)[C@H](O)[C@H](O)CO)c2cc1C,376.37,140.0,-1.72,161.56,9,5,0.33,27,1,0.07
682,CHEMBL1628504,RILPIVIRINE HYDROCHLORIDE,Cc1cc(/C=C/C#N)cc(C)c1Nc1ccnc(Nc2ccc(C#N)cc2)n1.Cl,402.89,3.0,4.99,97.42,6,2,0.62,28,3,-1.13
685,CHEMBL1200493,NAFTIFINE HYDROCHLORIDE,CN(C/C=C/c1ccccc1)Cc1cccc2ccccc12.Cl,323.87,46.0,4.99,3.24,1,0,0.64,22,3,-0.56
688,CHEMBL3112741,RELEBACTAM ANHYDROUS,O=C(NC1CCNCC1)[C@@H]1CC[C@@H]2CN1C(=O)N2OS(=O)(=O)O,348.38,,-1.14,128.28,6,3,0.55,23,0,-0.47
689,CHEMBL2110731,TOFOGLIFLOZIN ANHYDROUS,CCc1ccc(Cc2ccc3c(c2)[C@]2(OC3)O[C@H](CO)[C@@H](O)[C@H](O)[C@H]2O)cc1,386.44,42.0,1.0,99.38,6,4,0.63,28,2,1.16
691,CHEMBL2218878,TRIMETREXATE GLUCURONATE,COc1cc(NCc2ccc3nc(N)nc(N)c3c2C)cc(OC)c1OC.O=C(O)[C@H]1O[C@H](O)[C@H](O)[C@@H](O)[C@@H]1O,563.56,,2.74,117.54,8,3,0.61,27,3,-0.57
702,CHEMBL1614701,SELUMETINIB,Cn1cnc2c(F)c(Nc3ccc(Br)cc3Cl)c(C(=O)NOCCO)cc21,457.69,1438.0,3.53,88.41,6,3,0.39,27,3,-1.23
703,CHEMBL1466,DICUMAROL,O=c1oc2ccccc2c(O)c1Cc1c(O)c2ccccc2oc1=O,336.3,914.0,2.9,100.88,6,2,0.55,25,4,0.33
709,CHEMBL1393,SPIRONOLACTONE,CC(=O)S[C@@H]1CC2=CC(=O)CC[C@]2(C)[C@H]2CC[C@@]3(C)[C@@H](CC[C@@]34CCC(=O)O4)[C@H]12,416.58,1010.0,4.85,60.44,5,0,0.57,29,0,2.25
710,CHEMBL1201329,TRIMETHAPHAN,O=C1N(Cc2ccccc2)C2C[S+]3CCCC3C2N1Cc1ccccc1,365.52,8.0,3.66,23.55,1,0,0.6,26,2,-0.17
713,CHEMBL1604,CEPHRADINE,CC1=C(C(=O)O)N2C(=O)[C@@H](NC(=O)[C@H](N)C3=CCC=CC3)[C@H]2SC1,349.41,186.0,0.35,112.73,5,3,0.5,24,0,0.93
714,CHEMBL1618102,BUTYLSCOPOLAMINE,CCCC[N+]1(C)[C@@H]2C[C@@H](OC(=O)[C@H](CO)c3ccccc3)C[C@H]1[C@@H]1O[C@@H]12,360.47,35.0,2.23,59.06,4,1,0.46,26,1,1.0
715,CHEMBL425,OLSALAZINE,O=C(O)c1cc(/N=N/c2ccc(O)c(C(=O)O)c2)ccc1O,302.24,135.0,2.91,139.78,6,4,0.64,22,2,-0.1
716,CHEMBL1502,PANTOPRAZOLE,COc1ccnc(C[S+]([O-])c2nc3cc(OC(F)F)ccc3[nH]2)c1OC,383.38,1098.0,2.88,92.32,6,1,0.63,26,3,-0.88
717,CHEMBL43,AMSACRINE,COc1cc(NS(C)(=O)=O)ccc1Nc1c2ccccc2nc2ccccc12,393.47,799.0,4.51,80.32,5,2,0.49,28,4,-1.11
721,CHEMBL1201063,PROPAFENONE HYDROCHLORIDE,CCCNCC(O)COc1ccccc1C(=O)CCc1ccccc1.Cl,377.91,69.0,3.24,58.56,4,2,0.49,25,2,-0.36
732,CHEMBL473,DOFETILIDE,CN(CCOc1ccc(NS(C)(=O)=O)cc1)CCc1ccc(NS(C)(=O)=O)cc1,441.58,452.0,1.98,104.81,6,2,0.55,29,2,-1.07
733,CHEMBL1200855,TICARCILLIN DISODIUM,CC1(C)S[C@@H]2[C@H](NC(=O)[C@H](C(=O)[O-])c3ccsc3)C(=O)N2[C@H]1C(=O)[O-].[Na+].[Na+],428.4,11.0,0.55,124.01,6,3,0.5,25,1,0.13
741,CHEMBL429910,DAPAGLIFLOZIN,CCOc1ccc(Cc2cc([C@@H]3O[C@H](CO)[C@@H](O)[C@H](O)[C@H]3O)ccc2Cl)cc1,408.88,336.0,1.84,99.38,6,4,0.58,28,2,0.61
744,CHEMBL1008,BEPRIDIL,CC(C)COCC(CN(Cc1ccccc1)c1ccccc1)N1CCCC1,366.55,316.0,4.83,15.71,3,0,0.6,27,2,-1.15
746,CHEMBL2105023,INDIGOTINDISULFONATE SODIUM,O=C1/C(=C2\Nc3ccc(S(=O)(=O)[O-])cc3C2=O)Nc2ccc(S(=O)(=O)[O-])cc21.[Na+].[Na+],466.36,1.0,1.31,166.94,8,4,0.41,28,2,-0.04
751,CHEMBL1900528,TIOTROPIUM,C[N+]1(C)[C@@H]2C[C@@H](OC(=O)C(O)(c3cccs3)c3cccs3)C[C@H]1[C@@H]1O[C@@H]12,392.52,48.0,2.35,59.06,6,1,0.49,26,2,0.51
753,CHEMBL2105720,LESINURAD,O=C(O)CSc1nnc(Br)n1-c1ccc(C2CC2)c2ccccc12,404.29,183.0,4.24,68.01,5,1,0.64,24,3,-1.14
755,CHEMBL3187723,BINIMETINIB,Cn1cnc2c(F)c(Nc3ccc(Br)cc3F)c(C(=O)NOCCO)cc21,441.23,394.0,3.01,88.41,6,3,0.4,27,3,-1.16
757,CHEMBL1095777,INDACATEROL,CCc1cc2c(cc1CC)CC(NC[C@H](O)c1ccc(O)c3[nH]c(=O)ccc13)C2,392.5,1212.0,3.15,85.35,4,4,0.52,29,3,0.35
759,CHEMBL205596,CHOLIC ACID,C[C@H](CCC(=O)O)[C@H]1CC[C@H]2[C@@H]3[C@H](O)C[C@@H]4C[C@H](O)CC[C@]4(C)[C@H]3C[C@H](O)[C@]12C,408.58,780.0,3.45,97.99,4,4,0.57,29,0,2.78
760,CHEMBL550348,DEFERASIROX,O=C(O)c1ccc(-n2nc(-c3ccccc3O)nc2-c2ccccc2O)cc1,373.37,131.0,3.71,108.47,6,3,0.5,28,4,-0.75
764,CHEMBL1200837,LEVOBETAXOLOL HYDROCHLORIDE,CC(C)NC[C@H](O)COc1ccc(CCOCC2CC2)cc1.Cl,343.9,,2.39,50.72,4,2,0.62,22,1,-0.56
765,CHEMBL3707306,STRONTIUM RANELATE,N#Cc1c(N(CC(=O)[O-])CC(=O)[O-])sc(C(=O)[O-])c1CC(=O)[O-].[Sr+2].[Sr+2],513.49,31.0,-0.08,176.23,7,4,0.5,23,1,-0.73
766,CHEMBL1908315,GEMEPROST,CCCCC(C)(C)[C@H](O)/C=C/[C@H]1[C@H](O)CC(=O)[C@@H]1CCCC/C=C/C(=O)OC,394.55,1.0,3.98,83.83,5,2,0.23,28,0,1.66
770,CHEMBL1201131,PIPERONYL BUTOXIDE,CCCCOCCOCCOCc1cc2c(cc1CCC)OCO2,338.44,54.0,3.72,46.15,5,0,0.51,24,1,-0.01
771,CHEMBL15023,TRIFLUPERIDOL,O=C(CCCN1CCC(O)(c2cccc(C(F)(F)F)c2)CC1)c1ccc(F)cc1,409.42,51.0,4.79,40.54,3,1,0.55,29,2,-1.02
772,CHEMBL1509,DROSPIRENONE,C[C@]12CCC(=O)C=C1[C@@H]1C[C@@H]1[C@H]1[C@@H]3[C@@H]4C[C@@H]4[C@@]4(CCC(=O)O4)[C@@]3(C)CC[C@@H]12,366.5,120.0,4.31,43.37,3,0,0.6,27,0,2.5
774,CHEMBL1200893,PROTOKYLOL HYDROCHLORIDE,CC(Cc1ccc2c(c1)OCO2)NCC(O)c1ccc(O)c(O)c1.Cl,367.83,1.0,2.08,91.18,6,4,0.61,24,2,0.39
778,CHEMBL1201273,PROTOKYLOL,CC(Cc1ccc2c(c1)OCO2)NCC(O)c1ccc(O)c(O)c1,331.37,2.0,2.08,91.18,6,4,0.61,24,2,0.39
779,CHEMBL1167,SPECTINOMYCIN,CN[C@@H]1[C@H](O)[C@H](NC)[C@H]2O[C@@]3(O)C(=O)C[C@@H](C)O[C@H]3O[C@@H]2[C@H]1O,332.35,607.0,-2.93,129.51,9,5,0.36,23,0,2.43
780,CHEMBL1214,CARBENICILLIN,CC1(C)S[C@@H]2[C@H](NC(=O)C(C(=O)O)c3ccccc3)C(=O)N2[C@H]1C(=O)O,378.41,428.0,0.49,124.01,5,3,0.5,26,1,0.62
781,CHEMBL1201786,LAPYRIUM,CCCCCCCCCCCC(=O)OCCNC(=O)C[n+]1ccccc1,363.52,,3.55,59.28,3,1,0.29,26,1,-0.4
785,CHEMBL1363,ARFORMOTEROL,COc1ccc(C[C@@H](C)NC[C@H](O)c2ccc(O)c(NC=O)c2)cc1,344.41,78.0,2.22,90.82,5,4,0.41,25,2,-0.07
787,CHEMBL4594262,AMLODIPINE BENZOATE,CCOC(=O)C1=C(COCCN)NC(C)=C(C(=O)OC)C1c1ccccc1Cl.O=C(O)c1ccccc1,531.01,,2.27,99.88,7,2,0.5,28,1,-0.78
788,CHEMBL1237122,CARBOPROST,CCCCC[C@](C)(O)/C=C/[C@@H]1[C@@H](C/C=C\CCCC(=O)O)[C@@H](O)C[C@H]1O,368.51,,3.43,97.99,4,4,0.31,26,0,1.89
792,CHEMBL1571,TESTOLACTONE,C[C@]12C=CC(=O)C=C1CC[C@@H]1[C@@H]2CC[C@]2(C)OC(=O)CC[C@@H]12,300.4,154.0,3.59,43.37,3,0,0.64,22,0,2.79
793,CHEMBL561157,TREPROSTINIL SODIUM,CCCCC[C@H](O)CC[C@@H]1[C@H]2Cc3cccc(OCC(=O)[O-])c3C[C@H]2C[C@H]1O.[Na+],412.5,,3.58,86.99,4,3,0.53,28,1,1.34
796,CHEMBL1773,CAPECITABINE,CCCCCOC(=O)Nc1nc(=O)n([C@@H]2O[C@H](C)[C@@H](O)[C@H]2O)cc1F,359.35,211.0,0.76,122.91,8,3,0.64,25,1,0.38
797,CHEMBL672,FENOFIBRATE,CC(C)OC(=O)C(C)(C)Oc1ccc(C(=O)c2ccc(Cl)cc2)cc1,360.84,4559.0,4.68,52.6,4,0,0.55,25,2,-0.58
800,CHEMBL1201043,CEPHAPIRIN SODIUM,CC(=O)OCC1=C(C(=O)[O-])N2C(=O)[C@@H](NC(=O)CSc3ccncc3)[C@H]2SC1.[Na+],445.45,63.0,0.48,125.9,8,2,0.37,28,1,-0.32
803,CHEMBL3989725,LODOXAMIDE TROMETHAMINE,N#Cc1cc(NC(=O)C(=O)O)c(Cl)c(NC(=O)C(=O)O)c1.NC(CO)(CO)CO.NC(CO)(CO)CO,553.91,,0.26,156.59,5,4,0.57,21,1,-0.88
804,CHEMBL631,PROPAFENONE,CCCNCC(O)COc1ccccc1C(=O)CCc1ccccc1,341.45,744.0,3.24,58.56,4,2,0.49,25,2,-0.36
808,CHEMBL1349,VALACYCLOVIR,CC(C)[C@H](N)C(=O)OCCOCn1cnc2c(=O)nc(N)[nH]c21,324.34,903.0,-0.8,151.14,9,3,0.44,23,2,-0.28
811,CHEMBL495,ALPROSTADIL,CCCCC[C@H](O)/C=C/[C@H]1[C@H](O)CC(=O)[C@@H]1CCCCCCC(=O)O,354.49,1298.0,3.48,94.83,4,3,0.35,25,0,1.7
813,CHEMBL1599,CEPHAPIRIN,CC(=O)OCC1=C(C(=O)O)N2C(=O)[C@@H](NC(=O)CSc3ccncc3)[C@H]2SC1,423.47,116.0,0.48,125.9,8,2,0.37,28,1,-0.32
814,CHEMBL1240,PROPANTHELINE BROMIDE,CC(C)[N+](C)(CCOC(=O)C1c2ccccc2Oc2ccccc21)C(C)C.[Br-],448.4,104.0,4.73,35.53,3,0,0.55,27,2,0.1
819,CHEMBL1605,CEFTIBUTEN,Nc1nc(/C(=C/CC(=O)O)C(=O)N[C@@H]2C(=O)N3C(C(=O)O)=CCS[C@H]23)cs1,410.43,204.0,-0.05,162.92,8,4,0.37,27,1,0.09
823,CHEMBL314854,FINGOLIMOD,CCCCCCCCc1ccc(CCC(N)(CO)CO)cc1,307.48,563.0,3.2,66.48,3,3,0.52,22,1,0.66
824,CHEMBL4297364,OXITROPIUM,CC[N+]1(C)[C@@H]2CC(OC(=O)[C@H](CO)c3ccccc3)C[C@H]1[C@@H]1O[C@@H]12,332.42,31.0,1.45,59.06,4,1,0.5,24,1,1.04
826,CHEMBL1774461,FLORBETAPIR F 18,CNc1ccc(/C=C/c2ccc(OCCOCCOCC[18F])nc2)cc1,359.43,50.0,3.68,52.61,5,1,0.59,26,2,-0.94
830,CHEMBL2110900,DAPOXETINE,CN(C)[C@@H](CCOc1cccc2ccccc12)c1ccccc1,305.42,23.0,4.91,12.47,2,0,0.64,23,3,-0.49
831,CHEMBL3183184,OCTINOXATE,CCCCC(CC)COC(=O)C=Cc1ccc(OC)cc1,290.4,3.0,4.47,35.53,3,0,0.5,21,1,0.51
832,CHEMBL419213,LISINOPRIL,NCCCC[C@H](N[C@@H](CCc1ccccc1)C(=O)O)C(=O)N1CCC[C@H]1C(=O)O.O.O,441.53,26.0,1.24,132.96,5,4,0.38,29,1,0.2
834,CHEMBL459324,DIACETYLMORPHINE,CC(=O)Oc1ccc2c3c1O[C@H]1[C@@H](OC(C)=O)C=C[C@H]4[C@@H](C2)N(C)CC[C@@]341,369.42,8.0,1.99,65.07,6,0,0.45,27,1,2.11
836,CHEMBL1200522,AVOBENZONE,COc1ccc(C(=O)CC(=O)c2ccc(C(C)(C)C)cc2)cc1,310.39,41.0,4.45,43.37,3,0,0.61,23,2,-0.45
840,CHEMBL1200659,ENALAPRIL MALEATE,CCOC(=O)[C@H](CCc1ccccc1)N[C@@H](C)C(=O)N1CCC[C@H]1C(=O)O.O=C(O)/C=C\C(=O)O,492.53,23.0,1.6,95.94,5,2,0.64,27,1,-0.29
842,CHEMBL1672,CEFPODOXIME,COCC1=C(C(=O)O)N2C(=O)[C@@H](NC(=O)/C(=N\OC)c3csc(N)n3)[C@H]2SC1,427.46,250.0,-0.54,156.44,10,3,0.3,28,1,-0.13
845,CHEMBL1567,SUNITINIB MALATE,CCN(CC)CCNC(=O)c1c(C)[nH]c(/C=C2\C(=O)Nc3ccc(F)cc32)c1C.O=C(O)C[C@H](O)C(=O)O,532.57,5.0,3.33,77.23,3,3,0.63,29,2,-1.21
848,CHEMBL1201346,BALSALAZIDE,O=C(O)CCNC(=O)c1ccc(/N=N/c2ccc(O)c(C(=O)O)c2)cc1,357.32,675.0,2.71,148.65,6,4,0.56,26,2,-0.5
851,CHEMBL962,EPOPROSTENOL SODIUM,CCCCC[C@H](O)/C=C/[C@@H]1[C@H]2C/C(=C/CCCC(=O)[O-])O[C@H]2C[C@H]1O.[Na+],374.45,27.0,3.41,86.99,4,3,0.41,25,0,1.91
852,CHEMBL313972,MASOPROCOL,C[C@H](Cc1ccc(O)c(O)c1)[C@@H](C)Cc1ccc(O)c(O)c1,302.37,268.0,3.57,80.92,4,4,0.64,22,2,0.69
853,CHEMBL645,BISOPROLOL,CC(C)NCC(O)COc1ccc(COCCOC(C)C)cc1,325.45,299.0,2.37,59.95,5,2,0.58,23,1,-0.86
854,CHEMBL276568,"CEFPROZIL ANHYDROUS, (E)-",C/C=C/C1=C(C(=O)O)N2C(=O)[C@@H](NC(=O)[C@H](N)c3ccc(O)cc3)[C@H]2SC1,389.43,,0.71,132.96,6,4,0.55,27,1,0.67
863,CHEMBL308954,ETRAVIRINE,Cc1cc(C#N)cc(C)c1Oc1nc(Nc2ccc(C#N)cc2)nc(N)c1Br,435.29,1403.0,4.72,120.64,7,2,0.61,28,3,-1.05
864,CHEMBL1201314,VALGANCICLOVIR,CC(C)[C@H](N)C(=O)OCC(CO)OCn1cnc2c(=O)[nH]c(N)nc21,354.37,111.0,-1.44,171.37,10,4,0.41,25,2,0.54
865,CHEMBL836,TAMSULOSIN,CCOc1ccccc1OCCN[C@H](C)Cc1ccc(OC)c(S(N)(=O)=O)c1,408.52,263.0,2.34,99.88,6,2,0.55,28,2,-1.02
866,CHEMBL1133,OXYBUTYNIN CHLORIDE,CCN(CC)CC#CCOC(=O)C(O)(c1ccccc1)C1CCCCC1.Cl,393.96,122.0,3.34,49.77,4,1,0.6,26,1,-0.42
868,CHEMBL3301605,RELEBACTAM,O.O=C(NC1CCNCC1)[C@@H]1CC[C@@H]2CN1C(=O)N2OS(=O)(=O)O,366.4,216.0,-1.14,128.28,6,3,0.55,23,0,-0.47
871,CHEMBL1697768,SODIUM PICOSULFATE,O=S(=O)([O-])Oc1ccc(C(c2ccc(OS(=O)(=O)[O-])cc2)c2ccccn2)cc1.[Na+].[Na+],481.42,7.0,2.63,140.09,7,2,0.53,29,3,-0.21
875,CHEMBL1531,ETONOGESTREL,C#C[C@]1(O)CC[C@H]2[C@@H]3CCC4=CC(=O)CC[C@@H]4[C@H]3C(=C)C[C@@]21CC,324.46,75.0,4.05,37.3,2,1,0.58,24,0,1.93
883,CHEMBL1493,FLAVOXATE,Cc1c(-c2ccccc2)oc2c(C(=O)OCCN3CCCCC3)cccc2c1=O,391.47,821.0,4.41,59.75,5,0,0.6,29,3,-0.38
889,CHEMBL1200418,DOBUTAMINE HYDROCHLORIDE,CC(CCc1ccc(O)cc1)NCCc1ccc(O)c(O)c1.Cl,337.85,56.0,2.96,72.72,4,4,0.59,22,2,0.39
890,CHEMBL3084748,TROSPIUM CHLORIDE,O=C(O[C@H]1C[C@H]2CC[C@@H](C1)[N+]21CCCC1)C(O)(c1ccccc1)c1ccccc1.[Cl-],427.97,26.0,3.77,46.53,3,1,0.64,29,2,0.25
894,CHEMBL1200875,FLAVOXATE HYDROCHLORIDE,Cc1c(-c2ccccc2)oc2c(C(=O)OCCN3CCCCC3)cccc2c1=O.Cl,427.93,14.0,4.41,59.75,5,0,0.6,29,3,-0.38
895,CHEMBL1201013,OLSALAZINE SODIUM,O=C([O-])c1cc(/N=N/c2ccc(O)c(C(=O)[O-])c2)ccc1O.[Na+].[Na+],346.21,4.0,2.91,139.78,6,4,0.64,22,2,-0.1
897,CHEMBL1449,TICARCILLIN,CC1(C)S[C@@H]2[C@H](NC(=O)[C@H](C(=O)O)c3ccsc3)C(=O)N2[C@H]1C(=O)O,384.44,911.0,0.55,124.01,6,3,0.5,25,1,0.13
898,CHEMBL1201266,LODOXAMIDE,N#Cc1cc(NC(=O)C(=O)O)c(Cl)c(NC(=O)C(=O)O)c1,311.64,55.0,0.26,156.59,5,4,0.57,21,1,-0.88
899,CHEMBL832,SULFINPYRAZONE,O=C1C(CC[S+]([O-])c2ccccc2)C(=O)N(c2ccccc2)N1c1ccccc1,404.49,1126.0,3.8,63.68,3,0,0.46,29,3,0.1
907,CHEMBL361497,ARTESUNATE,C[C@H]1[C@H](OC(=O)CCC(=O)O)O[C@@H]2O[C@@]3(C)CC[C@H]4[C@H](C)CC[C@@H]1[C@@]24OO3,384.43,905.0,2.6,100.52,7,1,0.58,27,0,3.15
912,CHEMBL2105950,AMOXICILLIN SODIUM,CC1(C)S[C@@H]2[C@H](NC(=O)[C@H](N)c3ccc(O)cc3)C(=O)N2[C@H]1C(=O)[O-].[Na+],387.39,1.0,0.02,132.96,6,4,0.55,25,1,0.94
913,CHEMBL397420,ACENOCOUMAROL,CC(=O)CC(c1ccc([N+](=O)[O-])cc1)c1c(O)c2ccccc2oc1=O,353.33,124.0,3.52,110.65,6,1,0.43,26,3,-0.07
914,CHEMBL1200430,ESTRADIOL ACETATE,CC(=O)Oc1ccc2c(c1)CC[C@@H]1[C@@H]2CC[C@]2(C)[C@@H](O)CC[C@@H]12,314.43,42.0,3.83,46.53,3,1,0.63,23,1,1.78
915,CHEMBL117287,PRUCALOPRIDE,COCCCN1CCC(NC(=O)c2cc(Cl)c(N)c3c2OCC3)CC1,367.88,1156.0,2.09,76.82,5,2,0.59,25,1,-1.22
926,CHEMBL617,CEPHALOTHIN,CC(=O)OCC1=C(C(=O)O)N2C(=O)[C@@H](NC(=O)Cc3cccs3)[C@H]2SC1,396.45,2766.0,0.59,113.01,7,2,0.53,26,1,-0.37
928,CHEMBL1201281,CHLORAMPHENICOL SUCCINIC ACID,O=C(O)CCC(=O)OC[C@@H](NC(=O)C(Cl)Cl)[C@H](O)c1ccc([N+](=O)[O-])cc1,423.2,4.0,1.32,156.07,7,3,0.22,27,1,-0.02
931,CHEMBL548,DINOPROSTONE,CCCCC[C@H](O)/C=C/[C@H]1[C@H](O)CC(=O)[C@@H]1C/C=C\CCCC(=O)O,352.47,332.0,3.25,94.83,4,3,0.37,25,0,2.03
934,CHEMBL1201146,NORETHINDRONE ACETATE,C#C[C@]1(OC(C)=O)CC[C@H]2[C@@H]3CCC4=CC(=O)CC[C@@H]4[C@H]3CC[C@@]21C,340.46,597.0,4.06,43.37,3,0,0.53,25,0,1.97
939,CHEMBL294199,CAPSAICIN,COc1cc(CNC(=O)CCCC/C=C/C(C)C)ccc1O,305.42,879.0,3.79,58.56,3,2,0.54,22,1,0.54
940,CHEMBL2103774,TIBOLONE,C#C[C@]1(O)CC[C@H]2[C@@H]3[C@H](C)CC4=C(CCC(=O)C4)[C@H]3CC[C@@]21C,312.45,354.0,3.88,37.3,2,1,0.54,23,0,1.9
941,CHEMBL139835,CYPROTERONE ACETATE,CC(=O)O[C@]1(C(C)=O)CC[C@H]2[C@@H]3C=C(Cl)C4=CC(=O)[C@@H]5C[C@@H]5[C@]4(C)[C@H]3CC[C@@]21C,416.95,1030.0,4.61,60.44,4,0,0.62,29,0,1.83
948,CHEMBL1237,LISINOPRIL ANHYDROUS,NCCCC[C@H](N[C@@H](CCc1ccccc1)C(=O)O)C(=O)N1CCC[C@H]1C(=O)O,405.5,863.0,1.24,132.96,5,4,0.38,29,1,0.2
951,CHEMBL1477036,DOCUSATE,CCCCC(CC)COC(=O)CC(C(=O)OCC(CC)CCCC)S(=O)(=O)O,422.58,41.0,4.15,106.97,6,1,0.29,28,0,0.5
954,CHEMBL77622,DOPEXAMINE,Oc1ccc(CCNCCCCCCNCCc2ccccc2)cc1O,356.51,89.0,3.62,64.52,4,4,0.33,26,2,0.23
956,CHEMBL5315049,SITAGLIPTIN FUMARATE,N[C@@H](CC(=O)N1CCn2c(nnc2C(F)(F)F)C1)Cc1cc(F)c(F)cc1F.O=C(O)/C=C\C(=O)O,523.39,,2.02,77.04,5,1,0.62,28,2,-1.4
958,CHEMBL926,DOBUTAMINE,CC(CCc1ccc(O)cc1)NCCc1ccc(O)c(O)c1,301.39,1316.0,2.96,72.72,4,4,0.59,22,2,0.39
